,FileName,Dataset,Label,y_pred0_0,y_pred0_1,y_pred1,pred1_label,pred0_label
0,mw2_0018,mw2,1,0.014754809252406399,0.985245190747594,1.0,1,1
1,mw2_0029,mw2,1,0.5944528071523056,0.40554719284769436,0.996346652507782,1,0
2,mw2_0003,mw2,1,0.06386446507850688,0.936135534921493,0.999997615814209,1,1
3,mw2_0032,mw2,1,0.048411495188186,0.951588504811814,0.9439274668693542,1,1
4,mw2_0001,mw2,1,0.5717651217615044,0.4282348782384956,0.7739899158477783,1,0
5,mw2_0047,mw2,1,0.3978470050459315,0.6021529949540686,0.9947492480278015,1,1
6,mw2_0016,mw2,1,0.057217035183874415,0.9427829648161259,1.0,1,1
7,mw2_0033,mw2,1,0.10998859195085915,0.8900114080491409,0.9675480723381042,1,1
8,mw2_0028,mw2,1,0.761867700254374,0.23813229974562602,0.07717033475637436,0,0
9,mw2_0045,mw2,1,0.04177153075919013,0.95822846924081,0.999946117401123,1,1
10,mw2_0049,mw2,1,0.026428516791565812,0.9735714832084343,0.9999996423721313,1,1
11,mw2_0010,mw2,1,0.2087610227161276,0.7912389772838726,0.12335424870252609,0,1
12,mw2_0006,mw2,1,0.04575487380359396,0.9542451261964067,0.9999996423721313,1,1
13,mw2_0044,mw2,1,0.07952434802499442,0.9204756519750057,0.9992456436157227,1,1
14,mw2_0023,mw2,1,0.036463373578359916,0.9635366264216404,0.9999897480010986,1,1
15,mw2_0040,mw2,1,0.03811639254105777,0.9618836074589422,0.9999340772628784,1,1
16,mw2_0035,mw2,1,0.05109608854604712,0.948903911453953,0.9785090088844299,1,1
17,mw2_0036,mw2,1,0.5787495772673114,0.42125042273268853,7.311066292459145e-05,0,0
18,mw2_0017,mw2,1,0.03907425611553954,0.9609257438844605,0.9999405145645142,1,1
19,mw2_0037,mw2,1,0.17231273788330126,0.8276872621166986,0.9917532205581665,1,1
20,mw2_0041,mw2,1,0.06434029524463131,0.9356597047553687,0.9999626874923706,1,1
21,mw2_0014,mw2,1,0.7448450642665614,0.2551549357334385,0.06069718301296234,0,0
22,mw2_0002,mw2,1,0.5687495772673115,0.4312504227326886,5.264238643576391e-05,0,0
23,mw2_0048,mw2,1,0.0354684825325857,0.9645315174674145,0.9999995231628418,1,1
24,mw2_0025,mw2,1,0.02366088704047026,0.9763391129595302,0.916069746017456,1,1
25,mw2_0009,mw2,1,0.1588305130927778,0.8411694869072222,0.4762754440307617,0,1
26,mw2_0020,mw2,1,0.20090030344816123,0.7990996965518389,0.9961550831794739,1,1
27,mw2_0000,mw2,1,0.04177153075919013,0.95822846924081,0.999946117401123,1,1
28,mw2_0005,mw2,1,0.3069889533285558,0.6930110466714444,0.39905595779418945,0,1
29,mw2_0031,mw2,1,0.17220656132691103,0.8277934386730891,0.9961550831794739,1,1
30,mw2_0021,mw2,1,0.1924900696227033,0.8075099303772969,0.9961550831794739,1,1
31,mw2_0013,mw2,1,0.21959260390412627,0.7804073960958741,0.9961550831794739,1,1
32,mw2_0022,mw2,1,0.11343970676876942,0.8865602932312301,0.997438907623291,1,1
33,mw2_0042,mw2,1,0.10633981525667108,0.8936601847433291,0.9970909357070923,1,1
34,mw2_0024,mw2,1,0.07952434802499442,0.9204756519750057,0.9992456436157227,1,1
35,mw2_0027,mw2,1,0.07130399527140142,0.928696004728599,0.9999985694885254,1,1
36,mw2_0038,mw2,1,0.09368365899651226,0.906316341003488,0.9663986563682556,1,1
37,mw2_0012,mw2,1,0.012648178922104368,0.987351821077896,0.9950405955314636,1,1
38,mw2_0039,mw2,1,0.2983811693787514,0.7016188306212487,0.9985746145248413,1,1
39,mw2_0026,mw2,1,0.08335207426644388,0.9166479257335564,0.9884337782859802,1,1
40,mw2_0008,mw2,1,0.1609836572470691,0.8390163427529308,0.9999982118606567,1,1
41,mw2_0046,mw2,1,0.14205975360225323,0.8579402463977468,0.9975007176399231,1,1
42,mw2_0043,mw2,1,0.031766356621653696,0.9682336433783467,0.9971478581428528,1,1
43,mw2_0004,mw2,1,0.17084811913631362,0.8291518808636866,0.9945458173751831,1,1
44,mw2_0019,mw2,1,0.19016877984305683,0.8098312201569435,0.9979002475738525,1,1
45,mw2_0030,mw2,1,0.0494709274155573,0.950529072584443,0.9999997615814209,1,1
46,mw2_0007,mw2,1,0.21936983195576779,0.7806301680442322,1.0,1,1
47,mw2_0015,mw2,1,0.05712409808553096,0.9428759019144692,0.9999923706054688,1,1
48,mw2_0011,mw2,1,0.18840709778357037,0.8115929022164299,0.9961550831794739,1,1
49,mw2_0034,mw2,1,0.0919926018962534,0.9080073981037468,0.9856858253479004,1,1
50,gw2_0003,gw2,0,0.3461716104384678,0.6538283895615319,0.010278488509356976,0,1
51,gw2_0001,gw2,0,0.3078035259568456,0.6921964740431547,0.7822961807250977,1,1
52,gw2_0016,gw2,0,0.6937724271303936,0.3062275728696066,0.0003155927115585655,0,0
53,gw2_0010,gw2,0,0.5134922599612128,0.4865077400387872,0.9999843835830688,1,0
54,gw2_0006,gw2,0,0.4147233639109213,0.5852766360890788,0.09030298888683319,0,1
55,gw2_0014,gw2,0,0.4675645029907237,0.5324354970092764,0.9269877672195435,1,1
56,gw2_0002,gw2,0,0.9463529866108021,0.05364701338919781,0.00040656010969541967,0,0
57,gw2_0009,gw2,0,0.7109862582105027,0.2890137417894972,0.07146076112985611,0,0
58,gw2_0000,gw2,0,0.28810591655349443,0.7118940834465057,0.817315399646759,1,1
59,gw2_0005,gw2,0,0.5432910493699213,0.45670895063007855,0.040633197873830795,0,0
60,gw2_0013,gw2,0,0.6859322147463712,0.31406778525362883,0.7393824458122253,1,0
61,gw2_0012,gw2,0,0.9157964317034396,0.08420356829656032,0.011824180372059345,0,0
62,gw2_0008,gw2,0,0.28020570467960343,0.7197942953203967,0.9999616146087646,1,1
63,gw2_0004,gw2,0,0.9445551048803648,0.05544489511963504,0.9564564228057861,1,0
64,gw2_0007,gw2,0,0.7142473106935648,0.2857526893064352,0.045557789504528046,0,0
65,gw2_0015,gw2,0,0.06468686054429643,0.9353131394557036,0.9999053478240967,1,1
66,gw2_0011,gw2,0,0.8983381809449462,0.10166181905505386,0.01736738719046116,0,0
67,mw6_018,mw6,1,0.09629754756410622,0.9037024524358936,5.152537951857994e-09,0,1
68,mw6_005,mw6,1,0.034517333027577604,0.9654826669724224,0.5821822881698608,1,1
69,mw6_029,mw6,1,0.28736215522049424,0.7126378447795058,0.024449273943901062,0,1
70,mw6_007,mw6,1,0.02602952782522542,0.9739704721747751,0.9722016453742981,1,1
71,mw6_024,mw6,1,0.20515214054049583,0.7948478594595042,0.9987512826919556,1,1
72,mw6_025,mw6,1,0.0779163365143419,0.9220836634856583,0.9867401719093323,1,1
73,mw6_004,mw6,1,0.6347130435950308,0.36528695640496944,1.3973007639833668e-07,0,0
74,mw6_003,mw6,1,0.05512875577947917,0.944871244220521,3.796825694735162e-06,0,1
75,mw6_011,mw6,1,0.23297547607438546,0.7670245239256144,0.14578887820243835,0,1
76,mw6_021,mw6,1,0.01598505811734387,0.9840149418826561,0.9995976090431213,1,1
77,mw6_008,mw6,1,0.07659672212285856,0.9234032778771415,0.07582813501358032,0,1
78,mw6_015,mw6,1,0.1184438510484243,0.8815561489515759,0.9996923208236694,1,1
79,mw6_013,mw6,1,0.611209294426279,0.3887907055737208,3.0047371524233313e-07,0,0
80,mw6_001,mw6,1,0.09546201574585782,0.9045379842541422,0.9999873638153076,1,1
81,mw6_017,mw6,1,0.12987024228385324,0.8701297577161471,0.9993590712547302,1,1
82,mw6_019,mw6,1,0.2515964019777962,0.7484035980222039,0.9976473450660706,1,1
83,mw6_010,mw6,1,0.2703928472396074,0.7296071527603926,0.9999648332595825,1,1
84,mw6_009,mw6,1,0.09665847792358981,0.9033415220764104,0.9935809373855591,1,1
85,mw6_020,mw6,1,0.024236403207254727,0.9757635967927456,0.9999972581863403,1,1
86,mw6_014,mw6,1,0.31946677030730103,0.6805332296926991,0.9640805125236511,1,1
87,mw6_006,mw6,1,0.2641688853344656,0.7358311146655343,0.3840762674808502,0,1
88,mw6_026,mw6,1,0.3223073192176535,0.6776926807823469,0.8853381276130676,1,1
89,mw6_016,mw6,1,0.19850772338255462,0.8014922766174455,4.3214890865783673e-07,0,1
90,mw6_012,mw6,1,0.08202391594476027,0.9179760840552398,0.9992534518241882,1,1
91,mw6_028,mw6,1,0.027178652933656573,0.9728213470663434,1.0264875527354889e-06,0,1
92,mw6_022,mw6,1,0.8644909548332557,0.13550904516674467,4.411471632437269e-09,0,0
93,mw6_002,mw6,1,0.13003353904988743,0.8699664609501124,1.9220949809550802e-07,0,1
94,mw6_027,mw6,1,0.21568735905655356,0.7843126409434464,7.309155591883609e-08,0,1
95,mw6_023,mw6,1,0.03146088503306075,0.9685391149669393,0.0036313964519649744,0,1
96,mw7_0018,mw7,1,0.3173895493493065,0.6826104506506934,0.0028312436770647764,0,1
97,mw7_0029,mw7,1,0.05752096667330344,0.9424790333266968,1.6894681209578266e-08,0,1
98,mw7_0003,mw7,1,0.030113047530340022,0.9698869524696602,0.0012896641856059432,0,1
99,mw7_0032,mw7,1,0.02393970860697372,0.9760602913930267,0.5008026361465454,1,1
100,mw7_0001,mw7,1,0.016458625287661562,0.9835413747123388,0.9999804496765137,1,1
101,mw7_0047,mw7,1,0.01093202442413415,0.9890679755758661,0.9856352806091309,1,1
102,mw7_0016,mw7,1,0.16819385048149077,0.8318061495185095,0.5059838891029358,1,1
103,mw7_0033,mw7,1,0.509222576862413,0.490777423137587,0.10220177471637726,0,0
104,mw7_0028,mw7,1,0.012785334136165796,0.9872146658638344,0.9564820528030396,1,1
105,mw7_0045,mw7,1,0.022722403675787654,0.9772775963242126,0.40478581190109253,0,1
106,mw7_0049,mw7,1,0.03381195985090107,0.9661880401490993,4.291086384000664e-07,0,1
107,mw7_0010,mw7,1,0.013219270012064323,0.9867807299879362,0.991020143032074,1,1
108,mw7_0006,mw7,1,0.009359148602927385,0.990640851397073,0.5206419229507446,1,1
109,mw7_0044,mw7,1,0.06145063825655757,0.9385493617434428,0.9939848780632019,1,1
110,mw7_0023,mw7,1,0.3907183632495026,0.6092816367504975,0.007301343604922295,0,1
111,mw7_0040,mw7,1,0.028383360116696187,0.971616639883304,0.9940124154090881,1,1
112,mw7_0035,mw7,1,0.0055636016328480895,0.9944363983671518,0.9992133378982544,1,1
113,mw7_0036,mw7,1,0.036808053205206644,0.9631919467947937,0.9509678483009338,1,1
114,mw7_0017,mw7,1,0.01210182419805907,0.9878981758019415,0.5008026361465454,1,1
115,mw7_0037,mw7,1,0.08026922883967483,0.9197307711603253,0.00013465440133586526,0,1
116,mw7_0041,mw7,1,0.09850960364034471,0.9014903963596558,0.9954701662063599,1,1
117,mw7_0014,mw7,1,0.03817433473349524,0.9618256652665049,0.09449287503957748,0,1
118,mw7_0002,mw7,1,0.01585703733727462,0.9841429626627258,0.8927353024482727,1,1
119,mw7_0048,mw7,1,0.02322324443182533,0.976776755568175,0.5008026361465454,1,1
120,mw7_0025,mw7,1,0.013006971924911726,0.9869930280750885,0.876300573348999,1,1
121,mw7_0009,mw7,1,0.5275444326303957,0.47245556736960426,0.28030169010162354,0,0
122,mw7_0020,mw7,1,0.060371904833087645,0.9396280951669124,1.753659404357677e-07,0,1
123,mw7_0000,mw7,1,0.012493867741975907,0.9875061322580246,0.998691737651825,1,1
124,mw7_0005,mw7,1,0.15252763166900024,0.847472368331,0.05982734262943268,0,1
125,mw7_0031,mw7,1,0.013095776471811425,0.9869042235281889,0.963596522808075,1,1
126,mw7_0021,mw7,1,0.01250348314884147,0.9874965168511588,0.9966341853141785,1,1
127,mw7_0013,mw7,1,0.02661753237252035,0.9733824676274803,0.9987731575965881,1,1
128,mw7_0022,mw7,1,0.0513665195033329,0.948633480496667,0.9997099041938782,1,1
129,mw7_0042,mw7,1,0.012587761179576225,0.9874122388204242,0.5293253064155579,1,1
130,mw7_0024,mw7,1,0.06451931235406846,0.9354806876459318,0.9649605751037598,1,1
131,mw7_0027,mw7,1,0.03674165948032617,0.9632583405196741,6.5156655182363465e-06,0,1
132,mw7_0038,mw7,1,0.07645198520162247,0.9235480147983779,0.97646164894104,1,1
133,mw7_0012,mw7,1,0.10769692840550396,0.8923030715944962,0.000359696161467582,0,1
134,mw7_0039,mw7,1,0.014241736390927207,0.9857582636090733,0.8934547305107117,1,1
135,mw7_0026,mw7,1,0.011484337416540986,0.9885156625834592,0.7619067430496216,1,1
136,mw7_0008,mw7,1,0.175022751317995,0.8249772486820051,0.9999992847442627,1,1
137,mw7_0046,mw7,1,0.00951682831863637,0.9904831716813639,0.9999817609786987,1,1
138,mw7_0043,mw7,1,0.03141458466500704,0.9685854153349935,0.9998730421066284,1,1
139,mw7_0004,mw7,1,0.011040261631745527,0.9889597383682549,0.9814095497131348,1,1
140,mw7_0019,mw7,1,0.01288775182692369,0.9871122481730765,1.0,1,1
141,mw7_0030,mw7,1,0.28949071992406755,0.7105092800759326,0.9961108565330505,1,1
142,mw7_0007,mw7,1,0.01615451715823476,0.9838454828417657,0.9959794282913208,1,1
143,mw7_0015,mw7,1,0.31825295149567895,0.6817470485043209,6.546176223309885e-08,0,1
144,mw7_0011,mw7,1,0.08432309373391117,0.9156769062660889,0.8613102436065674,1,1
145,mw7_0034,mw7,1,0.0545976885026143,0.9454023114973858,0.19918319582939148,0,1
146,mw4_018,mw4,1,0.10829018055827756,0.8917098194417221,0.9996767044067383,1,1
147,mw4_005,mw4,1,0.19542919295262096,0.8045708070473792,1.2253164705100517e-08,0,1
148,mw4_029,mw4,1,0.1278540523652899,0.8721459476347105,0.7197081446647644,1,1
149,mw4_007,mw4,1,0.5347657562716657,0.46523424372833433,0.9999804496765137,1,0
150,mw4_024,mw4,1,0.5684479236382687,0.4315520763617313,0.7992056608200073,1,0
151,mw4_025,mw4,1,0.09550273640002539,0.904497263599975,0.0013138483045622706,0,1
152,mw4_004,mw4,1,0.5144589118846163,0.48554108811538366,0.9951205849647522,1,0
153,mw4_003,mw4,1,0.018377109234125416,0.981622890765875,0.9999860525131226,1,1
154,mw4_011,mw4,1,0.19765671521063471,0.8023432847893655,0.9980879426002502,1,1
155,mw4_021,mw4,1,0.1399355916548136,0.8600644083451867,0.9858700037002563,1,1
156,mw4_008,mw4,1,0.15662370657934066,0.8433762934206596,0.759350597858429,1,1
157,mw4_015,mw4,1,0.14747958895706903,0.8525204110429305,0.9997462630271912,1,1
158,mw4_013,mw4,1,0.021893047568303507,0.9781069524316967,2.820027766858857e-08,0,1
159,mw4_001,mw4,1,0.11879257467149536,0.881207425328505,0.9258790016174316,1,1
160,mw4_017,mw4,1,0.03011126323285942,0.9698887367671409,0.999605119228363,1,1
161,mw4_019,mw4,1,0.22650715104611885,0.773492848953881,0.010963439010083675,0,1
162,mw4_010,mw4,1,0.06527604416494065,0.9347239558350593,0.9999904632568359,1,1
163,mw4_009,mw4,1,0.14302895794458917,0.8569710420554111,0.07497645914554596,0,1
164,mw4_020,mw4,1,0.30495848529722086,0.6950415147027794,0.2506713271141052,0,1
165,mw4_014,mw4,1,0.18462932776752009,0.8153706722324797,0.8203490376472473,1,1
166,mw4_006,mw4,1,0.5981206763423059,0.40187932365769397,2.4276272370116203e-07,0,0
167,mw4_026,mw4,1,0.2593046071701783,0.7406953928298219,0.8322650790214539,1,1
168,mw4_016,mw4,1,0.12257905367233399,0.8774209463276658,0.999591052532196,1,1
169,mw4_012,mw4,1,0.16573283151139998,0.8342671684885998,0.005147731862962246,0,1
170,mw4_028,mw4,1,0.14438173471803398,0.855618265281966,0.9997628331184387,1,1
171,mw4_022,mw4,1,0.021777978783319784,0.9782220212166804,0.9318154454231262,1,1
172,mw4_002,mw4,1,0.3030743349648657,0.6969256650351344,0.9999997615814209,1,1
173,mw4_027,mw4,1,0.04732507375742963,0.9526749262425708,0.999605119228363,1,1
174,mw4_023,mw4,1,0.06566824084146013,0.9343317591585399,0.629188060760498,1,1
175,mw3_0018,mw3,1,0.04547870491727056,0.9545212950827298,0.9903987646102905,1,1
176,mw3_0029,mw3,1,0.18624483116508384,0.8137551688349166,0.9999889135360718,1,1
177,mw3_0003,mw3,1,0.020121635206128422,0.9798783647938717,0.00099015305750072,0,1
178,mw3_0032,mw3,1,0.823922674750631,0.176077325249369,5.043962136852542e-09,0,0
179,mw3_0001,mw3,1,0.3325629301431318,0.6674370698568682,0.3921756446361542,0,1
180,mw3_0096,mw3,1,0.352234270699098,0.6477657293009018,0.9916361570358276,1,1
181,mw3_0047,mw3,1,0.029784922055189657,0.9702150779448104,0.6944242715835571,1,1
182,mw3_0099,mw3,1,0.06953053302402205,0.9304694669759782,0.9565955400466919,1,1
183,mw3_0016,mw3,1,0.7523649394595127,0.2476350605404872,0.9998911619186401,1,0
184,mw3_0033,mw3,1,0.04299178962495311,0.9570082103750471,0.005154118873178959,0,1
185,mw3_0028,mw3,1,0.7371087149510448,0.262891285048955,0.9999967813491821,1,0
186,mw3_0045,mw3,1,0.11897240133058956,0.8810275986694106,0.0013339282013475895,0,1
187,mw3_0049,mw3,1,0.15449095090834913,0.8455090490916511,0.009799529798328876,0,1
188,mw3_0010,mw3,1,0.03376962199974868,0.9662303780002514,1.3785002920485567e-05,0,1
189,mw3_0006,mw3,1,0.44604310273066194,0.5539568972693381,0.999927282333374,1,1
190,mw3_0044,mw3,1,0.06985377520260586,0.9301462247973943,0.9829189777374268,1,1
191,mw3_0023,mw3,1,0.07257308615131997,0.9274269138486799,0.9970952272415161,1,1
192,mw3_0040,mw3,1,0.12589824829591767,0.8741017517040826,0.642085075378418,1,1
193,mw3_0035,mw3,1,0.25906899318403864,0.7409310068159616,0.00025669860769994557,0,1
194,mw3_0036,mw3,1,0.6313201668899697,0.3686798331100303,0.35718631744384766,0,0
195,mw3_0017,mw3,1,0.40523081983422016,0.59476918016578,0.11266932636499405,0,1
196,mw3_0037,mw3,1,0.18596529248100516,0.8140347075189952,0.9999889135360718,1,1
197,mw3_0041,mw3,1,0.015141771826782804,0.9848582281732177,0.9989703893661499,1,1
198,mw3_0014,mw3,1,0.029784922055189657,0.9702150779448104,0.6944242715835571,1,1
199,mw3_0094,mw3,1,0.36676639187147436,0.6332336081285256,0.9330641627311707,1,1
200,mw3_0002,mw3,1,0.23645906206468903,0.7635409379353111,0.9999876022338867,1,1
201,mw3_0048,mw3,1,0.21165200811323992,0.7883479918867602,0.9998776912689209,1,1
202,mw3_0092,mw3,1,0.539970778269194,0.4600292217308059,0.9999988079071045,1,0
203,mw3_0025,mw3,1,0.024633336772477074,0.9753666632275234,0.9973033666610718,1,1
204,mw3_0009,mw3,1,0.8510551382043441,0.14894486179565608,5.85587411894295e-10,0,0
205,mw3_0091,mw3,1,0.024525786328096513,0.9754742136719039,0.9999953508377075,1,1
206,mw3_0097,mw3,1,0.49647249233582935,0.5035275076641706,0.9962272644042969,1,1
207,mw3_0020,mw3,1,0.020121635206128422,0.9798783647938717,0.00099015305750072,0,1
208,mw3_0000,mw3,1,0.24404767102940192,0.7559523289705983,0.9908387064933777,1,1
209,mw3_0005,mw3,1,0.6697778479318032,0.3302221520681967,0.5793371200561523,1,0
210,mw3_0031,mw3,1,0.27789446417627733,0.7221055358237228,0.9688817262649536,1,1
211,mw3_0021,mw3,1,0.5588198490498377,0.44118015095016233,0.9999579191207886,1,0
212,mw3_0013,mw3,1,0.8685209309066028,0.13147906909339746,6.155383971417905e-07,0,0
213,mw3_0022,mw3,1,0.8049220227876203,0.19507797721237988,0.9997876286506653,1,0
214,mw3_0042,mw3,1,0.020121635206128422,0.9798783647938717,0.00099015305750072,0,1
215,mw3_0024,mw3,1,0.03627874807848371,0.9637212519215168,0.9779601693153381,1,1
216,mw3_0027,mw3,1,0.46555070828683326,0.5344492917131668,0.6810204386711121,1,1
217,mw3_0038,mw3,1,0.029784922055189657,0.9702150779448104,0.6944242715835571,1,1
218,mw3_0012,mw3,1,0.32301536744829734,0.6769846325517027,0.9999072551727295,1,1
219,mw3_0039,mw3,1,0.027036188737680877,0.9729638112623195,0.9999916553497314,1,1
220,mw3_0026,mw3,1,0.10975806067656042,0.8902419393234395,0.9975546002388,1,1
221,mw3_0008,mw3,1,0.6129212178629032,0.38707878213709684,0.40126121044158936,0,0
222,mw3_0046,mw3,1,0.7486507617806987,0.2513492382193013,0.999993085861206,1,0
223,mw3_0043,mw3,1,0.4165342251129119,0.5834657748870881,0.9330392479896545,1,1
224,mw3_0093,mw3,1,0.7434567456318062,0.2565432543681937,0.999976634979248,1,0
225,mw3_0090,mw3,1,0.5022998473752464,0.4977001526247537,0.9990941286087036,1,0
226,mw3_0004,mw3,1,0.5584067458009602,0.4415932541990398,0.9543179869651794,1,0
227,mw3_0019,mw3,1,0.387896220956194,0.612103779043806,0.28815457224845886,0,1
228,mw3_0098,mw3,1,0.4789559525229293,0.5210440474770707,0.9999396800994873,1,1
229,mw3_0030,mw3,1,0.04427962574779394,0.9557203742522061,1.7725477974295245e-08,0,1
230,mw3_0007,mw3,1,0.6572609606072974,0.34273903939270267,5.14647791050038e-09,0,0
231,mw3_0015,mw3,1,0.3980080839114646,0.6019919160885354,0.7852410674095154,1,1
232,mw3_0011,mw3,1,0.48349803708235095,0.516501962917649,0.9925915002822876,1,1
233,mw3_0095,mw3,1,0.5780346755076036,0.4219653244923966,0.7457458972930908,1,0
234,mw3_0034,mw3,1,0.6502786739965959,0.3497213260034042,0.6226406097412109,1,0
235,mw1_0018,mw1,1,0.04959625182325523,0.9504037481767449,0.9999998807907104,1,1
236,mw1_0003,mw1,1,0.8735426998488656,0.12645730015113418,0.17497704923152924,0,0
237,mw1_0001,mw1,1,0.17802068809834282,0.8219793119016573,0.999970555305481,1,1
238,mw1_0016,mw1,1,0.6214328528070624,0.3785671471929377,0.4419330060482025,0,0
239,mw1_0010,mw1,1,0.809348601253747,0.1906513987462527,0.9999895095825195,1,0
240,mw1_0006,mw1,1,0.5789925135123545,0.4210074864876455,0.43750306963920593,0,0
241,mw1_0023,mw1,1,0.28577408934998116,0.714225910650019,0.9885043501853943,1,1
242,mw1_0017,mw1,1,0.830749569504492,0.16925043049550798,0.03403040021657944,0,0
243,mw1_0014,mw1,1,0.7389536598056062,0.26104634019439354,0.6931946277618408,1,0
244,mw1_0002,mw1,1,0.04621950394001049,0.9537804960599898,0.9999812841415405,1,1
245,mw1_0009,mw1,1,0.6576319522057114,0.34236804779428864,0.9983764886856079,1,0
246,mw1_0020,mw1,1,0.6139665529315615,0.38603344706843856,0.9998993873596191,1,0
247,mw1_0000,mw1,1,0.652396375138145,0.34760362486185487,0.9962422847747803,1,0
248,mw1_0005,mw1,1,0.2703928472396074,0.7296071527603926,0.9999648332595825,1,1
249,mw1_0021,mw1,1,0.8733194828441759,0.12668051715582387,0.268128365278244,0,0
250,mw1_0013,mw1,1,0.7677209484092359,0.23227905159076395,0.6717749238014221,1,0
251,mw1_0022,mw1,1,0.8735426998488656,0.12645730015113418,0.17497704923152924,0,0
252,mw1_0012,mw1,1,0.3734099588363453,0.6265900411636545,0.7070371508598328,1,1
253,mw1_0008,mw1,1,0.0336703003866436,0.9663296996133569,0.9916606545448303,1,1
254,mw1_0004,mw1,1,0.15326799865480717,0.8467320013451929,0.9799915552139282,1,1
255,mw1_0019,mw1,1,0.835328331280225,0.164671668719775,0.9155707955360413,1,0
256,mw1_0007,mw1,1,0.01336344716151608,0.9866365528384842,0.5612286925315857,1,1
257,mw1_0015,mw1,1,0.3936459538996839,0.606354046100316,0.9999678134918213,1,1
258,mw1_0011,mw1,1,0.6152553433765037,0.3847446566234964,0.9999592304229736,1,0
259,gw4_0018,gw4,0,0.9968599300704333,0.003140069929566796,0.0003213571908418089,0,0
260,gw4_0029,gw4,0,0.5897327661900551,0.41026723380994495,0.9980857372283936,1,0
261,gw4_0003,gw4,0,0.8466592042256699,0.1533407957743303,0.00011630376684479415,0,0
262,gw4_0032,gw4,0,0.8758937886888538,0.1241062113111463,0.025582630187273026,0,0
263,gw4_0001,gw4,0,0.6204949990226711,0.37950500097732887,0.01736738719046116,0,0
264,gw4_0047,gw4,0,0.6906443143658563,0.3093556856341437,0.7062800526618958,1,0
265,gw4_0016,gw4,0,0.6098538186059822,0.39014618139401785,0.01833750307559967,0,0
266,gw4_0033,gw4,0,0.16465718127689472,0.835342818723105,0.9999985694885254,1,1
267,gw4_0028,gw4,0,0.5922054514441217,0.4077945485558784,0.04622385650873184,0,0
268,gw4_0045,gw4,0,0.714226688261793,0.285773311738207,0.00024244679661933333,0,0
269,gw4_0010,gw4,0,0.05494250705935119,0.945057492940649,0.9525015950202942,1,1
270,gw4_0006,gw4,0,0.4338135823018291,0.5661864176981709,0.7837021350860596,1,1
271,gw4_0044,gw4,0,0.783197171722588,0.2168028282774122,0.00042355534969829023,0,0
272,gw4_0023,gw4,0,0.7086138990139057,0.2913861009860946,0.005633250344544649,0,0
273,gw4_0040,gw4,0,0.568404921903605,0.431595078096395,0.0012653404846787453,0,0
274,gw4_0035,gw4,0,0.20067772539928833,0.799322274600712,0.010512154549360275,0,1
275,gw4_0036,gw4,0,0.8186479156613505,0.18135208433864927,5.820344449602999e-05,0,0
276,gw4_0017,gw4,0,0.04338020705860798,0.9566197929413921,0.9999985694885254,1,1
277,gw4_0037,gw4,0,0.6299234232680526,0.37007657673194744,0.0037727723829448223,0,0
278,gw4_0041,gw4,0,0.5407927076648343,0.4592072923351659,0.0019628438167274,0,0
279,gw4_0014,gw4,0,0.7847144259581307,0.2152855740418693,0.9103952050209045,1,0
280,gw4_0002,gw4,0,0.8506343960111564,0.1493656039888436,0.00016358164430130273,0,0
281,gw4_0048,gw4,0,0.847622979327169,0.15237702067283102,0.004194656386971474,0,0
282,gw4_0025,gw4,0,0.982053880093438,0.01794611990656204,0.00035594470682553947,0,0
283,gw4_0009,gw4,0,0.7521025101321355,0.2478974898678644,0.7408561110496521,1,0
284,gw4_0020,gw4,0,0.3311432006500246,0.6688567993499756,0.23927253484725952,0,1
285,gw4_0000,gw4,0,0.0873626403057364,0.9126373596942636,0.9992259740829468,1,1
286,gw4_0005,gw4,0,0.376464054212041,0.623535945787959,0.825889527797699,1,1
287,gw4_0031,gw4,0,0.7911331936181825,0.20886680638181743,0.37755057215690613,0,0
288,gw4_0021,gw4,0,0.3380080441434348,0.6619919558565651,0.02453787438571453,0,1
289,gw4_0013,gw4,0,0.7477130047431665,0.25228699525683357,3.265028863097541e-05,0,0
290,gw4_0022,gw4,0,0.828744617666555,0.17125538233344495,0.003627361264079809,0,0
291,gw4_0042,gw4,0,0.5324488454325226,0.4675511545674775,0.0017394471215084195,0,0
292,gw4_0024,gw4,0,0.7560981101106896,0.2439018898893105,0.00044597851228900254,0,0
293,gw4_0027,gw4,0,0.9554413796521222,0.044558620347877775,0.04622385650873184,0,0
294,gw4_0038,gw4,0,0.10987502307592165,0.8901249769240782,0.9497034549713135,1,1
295,gw4_0012,gw4,0,0.10877166902730671,0.8912283309726936,0.999945878982544,1,1
296,gw4_0039,gw4,0,0.7869862685529886,0.21301373144701136,0.0017697772709652781,0,0
297,gw4_0026,gw4,0,0.9372809342124261,0.06271906578757366,0.9992973804473877,1,0
298,gw4_0008,gw4,0,0.7554703059196589,0.24452969408034092,0.6548020839691162,1,0
299,gw4_0046,gw4,0,0.8300497488040574,0.16995025119594243,0.004234813619405031,0,0
300,gw4_0043,gw4,0,0.6193479691389703,0.38065203086102967,0.999995231628418,1,0
301,gw4_0004,gw4,0,0.7719751051535805,0.22802489484641963,0.029881751164793968,0,0
302,gw4_0019,gw4,0,0.1974132568475485,0.8025867431524517,0.9999924898147583,1,1
303,gw4_0030,gw4,0,0.7413308679604973,0.2586691320395027,0.9148311018943787,1,0
304,gw4_0007,gw4,0,0.2146197394845554,0.785380260515445,0.999984622001648,1,1
305,gw4_0015,gw4,0,0.6527801752104668,0.347219824789533,0.983985960483551,1,0
306,gw4_0011,gw4,0,0.6212507974500836,0.37874920254991634,0.6220703721046448,1,0
307,gw4_0034,gw4,0,0.7561136739198434,0.24388632608015645,2.983023841807153e-05,0,0
308,mw8_0018,mw8,1,0.5273668418390218,0.47263315816097823,2.4020391720114276e-07,0,0
309,mw8_0029,mw8,1,0.029784922055189657,0.9702150779448104,0.6944242715835571,1,1
310,mw8_0003,mw8,1,0.020823687004454486,0.9791763129955458,0.9999998807907104,1,1
311,mw8_0032,mw8,1,0.029784922055189657,0.9702150779448104,0.6944242715835571,1,1
312,mw8_0001,mw8,1,0.11174564304897844,0.8882543569510218,0.9191597104072571,1,1
313,mw8_0047,mw8,1,0.34477916153787747,0.6552208384621225,0.9997484087944031,1,1
314,mw8_0016,mw8,1,0.015783933657785444,0.9842160663422149,0.002995143411681056,0,1
315,mw8_0033,mw8,1,0.015505636849576464,0.9844943631504237,0.9670727849006653,1,1
316,mw8_0028,mw8,1,0.0769148037384646,0.9230851962615354,0.9999947547912598,1,1
317,mw8_0045,mw8,1,0.05752212621640415,0.9424778737835959,0.9999986886978149,1,1
318,mw8_0049,mw8,1,0.02446883077092307,0.9755311692290773,0.815498411655426,1,1
319,mw8_0010,mw8,1,0.08718242173425311,0.912817578265747,0.2817131578922272,0,1
320,mw8_0006,mw8,1,0.05145925134007084,0.9485407486599294,0.6226183772087097,1,1
321,mw8_0044,mw8,1,0.06736135026761397,0.932638649732386,0.9981606602668762,1,1
322,mw8_0023,mw8,1,0.2987589028342643,0.7012410971657359,0.9616803526878357,1,1
323,mw8_0040,mw8,1,0.03491342219066971,0.9650865778093302,0.5631687045097351,1,1
324,mw8_0035,mw8,1,0.31336354054195786,0.6866364594580423,0.31956085562705994,0,1
325,mw8_0036,mw8,1,0.3743541898846846,0.6256458101153153,0.9971541166305542,1,1
326,mw8_0017,mw8,1,0.558614012074042,0.441385987925958,0.9761258363723755,1,0
327,mw8_0037,mw8,1,0.6547201646540566,0.34527983534594336,0.9999945163726807,1,0
328,mw8_0041,mw8,1,0.024027005116444147,0.9759729948835562,0.9999996423721313,1,1
329,mw8_0014,mw8,1,0.06575913675116145,0.9342408632488385,1.6672171199161312e-08,0,1
330,mw8_0002,mw8,1,0.023373837681378292,0.9766261623186223,0.0009737849468365312,0,1
331,mw8_0048,mw8,1,0.017504677908520432,0.9824953220914796,1.2418214012654971e-08,0,1
332,mw8_0025,mw8,1,0.05645851116680205,0.9435414888331982,2.755206764959439e-07,0,1
333,mw8_0009,mw8,1,0.15043834123259547,0.8495616587674047,0.997865617275238,1,1
334,mw8_0020,mw8,1,0.07007298630856418,0.929927013691436,0.8633785247802734,1,1
335,mw8_0000,mw8,1,0.6199326316787964,0.3800673683212038,1.342163642448213e-07,0,0
336,mw8_0005,mw8,1,0.01353323343551395,0.9864667665644862,0.9999995231628418,1,1
337,mw8_0031,mw8,1,0.014338328955335973,0.9856616710446644,0.9999998807907104,1,1
338,mw8_0021,mw8,1,0.301011101036037,0.6989888989639631,0.34256047010421753,0,1
339,mw8_0013,mw8,1,0.11335768307867401,0.8866423169213258,0.9999876022338867,1,1
340,mw8_0022,mw8,1,0.11205013432016388,0.8879498656798365,0.6725530624389648,1,1
341,mw8_0042,mw8,1,0.29138540010474134,0.7086145998952587,1.0412928759251372e-06,0,1
342,mw8_0024,mw8,1,0.3004750993467354,0.6995249006532647,1.0766005864581984e-08,0,1
343,mw8_0027,mw8,1,0.012742926508256494,0.9872570734917439,0.6364271640777588,1,1
344,mw8_0038,mw8,1,0.08820120134795055,0.9117987986520499,9.901513067234191e-07,0,1
345,mw8_0012,mw8,1,0.024444662557890573,0.9755553374421098,0.6701921224594116,1,1
346,mw8_0039,mw8,1,0.013486969145998005,0.9865130308540024,0.6835846900939941,1,1
347,mw8_0026,mw8,1,0.026421414299283644,0.9735785857007166,0.999997615814209,1,1
348,mw8_0008,mw8,1,0.016495132923448577,0.9835048670765516,0.0035633163060992956,0,1
349,mw8_0046,mw8,1,0.035059538224507115,0.9649404617754931,0.8584603667259216,1,1
350,mw8_0043,mw8,1,0.10435756698964747,0.8956424330103523,0.8107801079750061,1,1
351,mw8_0004,mw8,1,0.7848635751145627,0.21513642488543736,0.2231401652097702,0,0
352,mw8_0019,mw8,1,0.06406424368833273,0.9359357563116676,0.9999983310699463,1,1
353,mw8_0030,mw8,1,0.08306705791512961,0.9169329420848706,1.0256356830495861e-07,0,1
354,mw8_0007,mw8,1,0.18495455563182545,0.8150454443681745,0.790156900882721,1,1
355,mw8_0015,mw8,1,0.045361667997654675,0.9546383320023457,0.9999963045120239,1,1
356,mw8_0011,mw8,1,0.041694841899368014,0.9583051581006322,0.2817131578922272,0,1
357,mw8_0034,mw8,1,0.01334540695168487,0.9866545930483155,0.11303804814815521,0,1
358,gw5_0018,gw5,0,0.8930421474727243,0.10695785252727585,0.7167984843254089,1,0
359,gw5_0029,gw5,0,0.8702713984570655,0.12972860154293453,0.9974474906921387,1,0
360,gw5_0061,gw5,0,0.9479183280744548,0.05208167192554513,0.9834508895874023,1,0
361,gw5_0003,gw5,0,0.9711118959544749,0.028888104045525047,0.9027422666549683,1,0
362,gw5_0032,gw5,0,0.8540213067686228,0.14597869323137722,0.9970077872276306,1,0
363,gw5_0001,gw5,0,0.3008475668776708,0.6991524331223293,0.5422150492668152,1,1
364,gw5_0072,gw5,0,0.6664514165628433,0.33354858343715654,0.9909175038337708,1,0
365,gw5_0047,gw5,0,0.9897916355129405,0.010208364487059307,0.02216830849647522,0,0
366,gw5_0053,gw5,0,0.8350604006280732,0.16493959937192662,0.9836801886558533,1,0
367,gw5_0057,gw5,0,0.8646672742202454,0.1353327257797545,0.9984924793243408,1,0
368,gw5_0058,gw5,0,0.9524342394571729,0.04756576054282718,0.8841221332550049,1,0
369,gw5_0062,gw5,0,0.9898149085544864,0.010185091445513533,0.036485351622104645,0,0
370,gw5_0016,gw5,0,0.98999843554025,0.010001564459749961,0.010010721161961555,0,0
371,gw5_0060,gw5,0,0.8418869167182774,0.1581130832817224,0.9929597973823547,1,0
372,gw5_0033,gw5,0,0.3430254483618457,0.6569745516381543,0.9997929930686951,1,1
373,gw5_0028,gw5,0,0.5476024216558085,0.4523975783441916,1.0646637065292452e-06,0,0
374,gw5_0045,gw5,0,0.8449805337395538,0.1550194662604458,0.9908363819122314,1,0
375,gw5_0063,gw5,0,0.848394178243256,0.15160582175674392,0.00018116191495209932,0,0
376,gw5_0066,gw5,0,0.846883497710469,0.15311650228953094,0.9845365881919861,1,0
377,gw5_0049,gw5,0,0.8376583452897058,0.16234165471029383,0.994261622428894,1,0
378,gw5_0010,gw5,0,0.8636799179659748,0.1363200820340252,0.8941011428833008,1,0
379,gw5_0006,gw5,0,0.10938182469149486,0.8906181753085052,0.9095489382743835,1,1
380,gw5_0044,gw5,0,0.6219597330103155,0.3780402669896845,0.0077185118570923805,0,0
381,gw5_0050,gw5,0,0.9998328726263427,0.00016712737365724595,0.014869975857436657,0,0
382,gw5_0071,gw5,0,0.45481602546055855,0.5451839745394416,0.9993882179260254,1,1
383,gw5_0023,gw5,0,0.8802713984570655,0.11972860154293453,0.9977096319198608,1,0
384,gw5_0040,gw5,0,0.9896660237640235,0.010333976235976592,0.040254268795251846,0,0
385,gw5_0035,gw5,0,0.9698149085544864,0.03018509144551353,0.0280152577906847,0,0
386,gw5_0036,gw5,0,0.5051359364481915,0.4948640635518084,0.8934665322303772,1,0
387,gw5_0070,gw5,0,0.9336576115733577,0.06634238842664236,0.8773781657218933,1,0
388,gw5_0051,gw5,0,0.2778087127042853,0.7221912872957149,0.37264880537986755,0,1
389,gw5_0017,gw5,0,0.493984400101374,0.506015599898626,0.9996471405029297,1,1
390,gw5_0037,gw5,0,0.8349805337395538,0.16501946626044578,0.9988709092140198,1,0
391,gw5_0069,gw5,0,0.9888355271111875,0.011164472888812503,0.013008259236812592,0,0
392,gw5_0041,gw5,0,0.851622916532695,0.14837708346730477,0.9972869157791138,1,0
393,gw5_0052,gw5,0,0.44870070955983726,0.5512992904401627,0.9995303153991699,1,1
394,gw5_0014,gw5,0,0.12407174980990986,0.87592825019009,0.9987019300460815,1,1
395,gw5_0065,gw5,0,0.8349805337395538,0.16501946626044578,0.993802011013031,1,0
396,gw5_0002,gw5,0,0.23200067079719974,0.7679993292028006,0.9992561936378479,1,1
397,gw5_0048,gw5,0,0.9998328726263427,0.00016712737365724595,0.015096730552613735,0,0
398,gw5_0025,gw5,0,0.8449805337395538,0.1550194662604458,0.9957231283187866,1,0
399,gw5_0009,gw5,0,0.7996739989434528,0.20032600105654721,0.9908401370048523,1,0
400,gw5_0067,gw5,0,0.8418869167182774,0.1581130832817224,0.9870797991752625,1,0
401,gw5_0020,gw5,0,0.8795862935640443,0.12041370643595556,0.9928644895553589,1,0
402,gw5_0068,gw5,0,0.9998328726263427,0.00016712737365724595,0.020044557750225067,0,0
403,gw5_0056,gw5,0,0.47266670322655047,0.5273332967734494,0.999255359172821,1,1
404,gw5_0000,gw5,0,0.1284064991196564,0.8715935008803438,0.9999881982803345,1,1
405,gw5_0005,gw5,0,0.9435558033725324,0.05644419662746759,0.9994868040084839,1,0
406,gw5_0031,gw5,0,0.3559688237509646,0.6440311762490354,0.9978739023208618,1,1
407,gw5_0021,gw5,0,0.3841851113993321,0.6158148886006677,7.625249622833508e-07,0,1
408,gw5_0013,gw5,0,0.8303904759642827,0.16960952403571725,0.9826239943504333,1,0
409,gw5_0022,gw5,0,0.8340213067686227,0.16597869323137718,0.9978973865509033,1,0
410,gw5_0042,gw5,0,0.9998149085544864,0.00018509144551353337,0.0577850341796875,0,0
411,gw5_0024,gw5,0,0.7285597511659253,0.2714402488340747,0.0009092902764678001,0,0
412,gw5_0027,gw5,0,0.860584657976374,0.13941534202362585,0.9963772892951965,1,0
413,gw5_0038,gw5,0,0.8310026807523307,0.16899731924766928,0.9957675933837891,1,0
414,gw5_0012,gw5,0,0.860584657976374,0.13941534202362585,0.9938575625419617,1,0
415,gw5_0039,gw5,0,0.7905340179541441,0.20946598204585573,1.3855638769655343e-07,0,0
416,gw5_0055,gw5,0,0.8450410481117173,0.1549589518882824,0.858350932598114,1,0
417,gw5_0026,gw5,0,0.8292277083656256,0.17077229163437438,0.9974309802055359,1,0
418,gw5_0008,gw5,0,0.9802083021796073,0.019791697820392643,0.027450697496533394,0,0
419,gw5_0046,gw5,0,0.30914096094529,0.6908590390547102,0.9934654831886292,1,1
420,gw5_0043,gw5,0,0.9068845313562288,0.09311546864377121,0.9984180927276611,1,0
421,gw5_0004,gw5,0,0.8472438580708292,0.15275614192917059,0.9940474033355713,1,0
422,gw5_0019,gw5,0,0.8925616279922047,0.10743837200779532,0.8950322270393372,1,0
423,gw5_0059,gw5,0,0.8546672742202454,0.14533272577975448,0.9811452031135559,1,0
424,gw5_0030,gw5,0,0.9998328726263427,0.00016712737365724595,0.0965595468878746,0,0
425,gw5_0007,gw5,0,0.9998328726263427,0.00016712737365724595,0.045178983360528946,0,0
426,gw5_0015,gw5,0,0.870584657976374,0.12941534202362587,0.9891926646232605,1,0
427,gw5_0011,gw5,0,0.9533459385076664,0.04665406149233356,0.9045637845993042,1,0
428,gw5_0054,gw5,0,0.4252507807935187,0.5747492192064813,0.9998942613601685,1,1
429,gw5_0064,gw5,0,0.7524227916298405,0.24757720837015948,0.04176246002316475,0,0
430,gw5_0034,gw5,0,0.43077574903136673,0.5692242509686333,0.9999690055847168,1,1
431,gw3_0018,gw3,0,0.8861131933642153,0.1138868066357846,0.023902514949440956,0,0
432,gw3_0029,gw3,0,0.8867454178432141,0.11325458215678585,0.057300105690956116,0,0
433,gw3_0003,gw3,0,0.25546379473837333,0.7445362052616268,0.758242666721344,1,1
434,gw3_0032,gw3,0,0.4558206151667657,0.5441793848332344,0.030538933351635933,0,1
435,gw3_0001,gw3,0,0.7161006085634705,0.28389939143652954,0.7747983336448669,1,0
436,gw3_0047,gw3,0,0.7879410236780268,0.21205897632197326,0.03285462036728859,0,0
437,gw3_0053,gw3,0,0.7628625881609871,0.237137411839013,0.41346362233161926,0,0
438,gw3_0057,gw3,0,0.436495833447172,0.5635041665528281,0.0007750907680019736,0,1
439,gw3_0016,gw3,0,0.4598727059168533,0.5401272940831467,0.002183781238272786,0,1
440,gw3_0033,gw3,0,0.8400012175525581,0.15999878244744184,0.002223826013505459,0,0
441,gw3_0028,gw3,0,0.9245601429578404,0.07543985704215955,0.03292004391551018,0,0
442,gw3_0045,gw3,0,0.20399980903937628,0.796000190960624,0.9996926784515381,1,1
443,gw3_0049,gw3,0,0.29017575609975294,0.7098242439002473,0.9999829530715942,1,1
444,gw3_0010,gw3,0,0.6268554268890972,0.3731445731109025,0.030661562457680702,0,0
445,gw3_0006,gw3,0,0.9274275717180117,0.07257242828198818,0.006327623501420021,0,0
446,gw3_0044,gw3,0,0.4892155586647795,0.5107844413352204,0.9999599456787109,1,1
447,gw3_0050,gw3,0,0.7064053734054657,0.2935946265945342,0.9999967813491821,1,0
448,gw3_0023,gw3,0,0.9395637050050699,0.06043629499492998,0.0053337812423706055,0,0
449,gw3_0040,gw3,0,0.5930030160240952,0.40699698397590484,0.6699135303497314,1,0
450,gw3_0035,gw3,0,0.4062856300183666,0.5937143699816335,0.013800418935716152,0,1
451,gw3_0036,gw3,0,0.8859285592623806,0.11407144073761939,0.04622385650873184,0,0
452,gw3_0051,gw3,0,0.8823833024437259,0.1176166975562743,0.009051217697560787,0,0
453,gw3_0017,gw3,0,0.5441068049044173,0.4558931950955827,0.9999980926513672,1,0
454,gw3_0037,gw3,0,0.12603779021699762,0.8739622097830028,0.9996815919876099,1,1
455,gw3_0041,gw3,0,0.5712940910213768,0.42870590897862315,0.6657497882843018,1,0
456,gw3_0052,gw3,0,0.7240877520627705,0.2759122479372295,0.985663652420044,1,0
457,gw3_0014,gw3,0,0.6209654577201769,0.3790345422798231,0.9955392479896545,1,0
458,gw3_0002,gw3,0,0.5612978644376168,0.4387021355623832,0.8953370451927185,1,0
459,gw3_0048,gw3,0,0.9128116750632433,0.08718832493675661,0.020072726532816887,0,0
460,gw3_0025,gw3,0,0.9257138510389723,0.07428614896102786,0.010771374218165874,0,0
461,gw3_0009,gw3,0,0.6057720122303557,0.39422798776964435,0.999997615814209,1,0
462,gw3_0020,gw3,0,0.44544537949170154,0.5545546205082985,0.27420878410339355,0,1
463,gw3_0056,gw3,0,0.6093445779628617,0.39065542203713816,0.04622385650873184,0,0
464,gw3_0000,gw3,0,0.9604532858719519,0.039546714128048034,0.04622385650873184,0,0
465,gw3_0005,gw3,0,0.7422499870197616,0.25775001298023825,0.9999673366546631,1,0
466,gw3_0031,gw3,0,0.9560661871572798,0.04393381284272011,0.017448019236326218,0,0
467,gw3_0021,gw3,0,0.7689627421736388,0.23103725782636125,0.9999986886978149,1,0
468,gw3_0013,gw3,0,0.6023340676915135,0.3976659323084862,0.8510268330574036,1,0
469,gw3_0022,gw3,0,0.9177333405671704,0.08226665943282967,0.004655967466533184,0,0
470,gw3_0042,gw3,0,0.852041004772206,0.14795899522779393,0.0005499764229170978,0,0
471,gw3_0024,gw3,0,0.9091579560559395,0.09084204394406033,0.0013503058580681682,0,0
472,gw3_0027,gw3,0,0.9177798095278953,0.08222019047210448,0.07539799064397812,0,0
473,gw3_0038,gw3,0,0.9508173955146313,0.04918260448536864,0.0005855480558238924,0,0
474,gw3_0012,gw3,0,0.6984070317098504,0.30159296829014964,0.8390287756919861,1,0
475,gw3_0039,gw3,0,0.5703737915127705,0.42962620848722943,0.026235973462462425,0,0
476,gw3_0055,gw3,0,0.47388661942022,0.5261133805797801,0.9999839067459106,1,1
477,gw3_0026,gw3,0,0.80244318974439,0.19755681025560995,0.044409967958927155,0,0
478,gw3_0008,gw3,0,0.5824521193750417,0.4175478806249582,0.9708804488182068,1,0
479,gw3_0046,gw3,0,0.8878114847005913,0.11218851529940896,0.019090553745627403,0,0
480,gw3_0043,gw3,0,0.20643561035018057,0.7935643896498195,0.9999902248382568,1,1
481,gw3_0004,gw3,0,0.6667526806076092,0.3332473193923907,8.970459930424113e-08,0,0
482,gw3_0019,gw3,0,0.434358936651987,0.5656410633480132,0.05589976906776428,0,1
483,gw3_0030,gw3,0,0.9081967538163299,0.09180324618367008,0.033556606620550156,0,0
484,gw3_0007,gw3,0,0.7762253531657498,0.22377464683425002,0.9999328851699829,1,0
485,gw3_0015,gw3,0,0.35222163120470695,0.6477783687952932,0.7934107184410095,1,1
486,gw3_0011,gw3,0,0.43646714988195984,0.5635328501180403,0.0799802765250206,0,1
487,gw3_0054,gw3,0,0.9670732826361913,0.03292671736380852,0.00013427218073047698,0,0
488,gw3_0034,gw3,0,1.0,0.0,0.0,0,0
489,mw5_018,mw5,1,0.34750563990272376,0.6524943600972765,0.010497190989553928,0,1
490,mw5_005,mw5,1,0.07459064408150909,0.925409355918491,0.9954589605331421,1,1
491,mw5_029,mw5,1,0.10574491190199796,0.8942550880980022,0.9817535281181335,1,1
492,mw5_007,mw5,1,0.0222700587275209,0.9777299412724793,2.748676664054983e-08,0,1
493,mw5_024,mw5,1,0.07156106710702936,0.928438932892971,0.9990237951278687,1,1
494,mw5_025,mw5,1,0.1067169770431668,0.8932830229568333,0.9749807715415955,1,1
495,mw5_004,mw5,1,0.020528213299230113,0.9794717867007702,0.9999421834945679,1,1
496,mw5_003,mw5,1,0.04396829553490617,0.9560317044650941,0.034836795181035995,0,1
497,mw5_011,mw5,1,0.062142874280485455,0.9378571257195146,3.50376376445638e-06,0,1
498,mw5_021,mw5,1,0.21021693565037547,0.7897830643496245,5.515072189155035e-05,0,1
499,mw5_008,mw5,1,0.21099818565037548,0.7890018143496245,7.507790724048391e-05,0,1
500,mw5_015,mw5,1,0.21021693565037547,0.7897830643496245,6.693414616165683e-05,0,1
501,mw5_013,mw5,1,0.09896874366492751,0.9010312563350727,0.9985268115997314,1,1
502,mw5_001,mw5,1,0.20938570579883387,0.7906142942011659,0.00014046055730432272,0,1
503,mw5_017,mw5,1,0.1009023125070821,0.899097687492918,0.08494169265031815,0,1
504,mw5_019,mw5,1,0.04708889090579529,0.9529111090942051,2.560944345475491e-08,0,1
505,mw5_010,mw5,1,0.6059326683133969,0.3940673316866032,4.812658858099894e-07,0,0
506,mw5_009,mw5,1,0.15490087605720695,0.8450991239427931,0.9997010827064514,1,1
507,mw5_020,mw5,1,0.610654168421979,0.38934583157802094,3.487467381546594e-08,0,0
508,mw5_014,mw5,1,0.38365724656106137,0.6163427534389385,0.21903130412101746,0,1
509,mw5_006,mw5,1,0.3936572465610614,0.6063427534389385,0.21903130412101746,0,1
510,mw5_026,mw5,1,0.19081874728315978,0.8091812527168405,0.9982384443283081,1,1
511,mw5_016,mw5,1,0.13675543743653737,0.8632445625634629,0.9473595023155212,1,1
512,mw5_012,mw5,1,0.21021693565037547,0.7897830643496245,5.515072189155035e-05,0,1
513,mw5_028,mw5,1,0.09382593437481145,0.9061740656251885,0.9948078989982605,1,1
514,mw5_022,mw5,1,0.02081494608271512,0.9791850539172853,0.9999421834945679,1,1
515,mw5_002,mw5,1,0.3936572465610614,0.6063427534389385,0.21903130412101746,0,1
516,mw5_027,mw5,1,0.030330861026416144,0.969669138973584,0.2771303355693817,0,1
517,mw5_023,mw5,1,0.025399797624121992,0.974600202375878,0.9984416365623474,1,1
518,gw6_0018,gw6,0,0.7180909467433778,0.28190905325662213,0.009284297935664654,0,0
519,gw6_0079,gw6,0,0.9436691769342063,0.056330823065793977,0.0004980220110155642,0,0
520,gw6_0029,gw6,0,0.9331498746364183,0.06685012536358176,0.0007170375902205706,0,0
521,gw6_0061,gw6,0,0.9461666745479737,0.05383332545202669,0.011235928162932396,0,0
522,gw6_0003,gw6,0,0.9588418495693416,0.041158150430658555,0.00727720046415925,0,0
523,gw6_0032,gw6,0,0.9511858915937107,0.048814108406289754,0.07571001350879669,0,0
524,gw6_0001,gw6,0,0.6913686402888589,0.30863135971114103,2.144855102415022e-07,0,0
525,gw6_0072,gw6,0,0.8668514204254717,0.13314857957452828,0.0018834942020475864,0,0
526,gw6_0047,gw6,0,0.6046828280813158,0.39531717191868415,0.004333698656409979,0,0
527,gw6_0080,gw6,0,0.8849916021834455,0.11500839781655461,0.00021280536020640284,0,0
528,gw6_0053,gw6,0,0.928165022059166,0.07183497794083414,6.972769028834591e-08,0,0
529,gw6_0057,gw6,0,0.9437729894394561,0.056227010560544105,0.0008378021302632987,0,0
530,gw6_0074,gw6,0,0.9740633569494034,0.02593664305059709,0.0011924880091100931,0,0
531,gw6_0058,gw6,0,0.9121505619057977,0.08784943809420237,3.55149750248529e-05,0,0
532,gw6_0062,gw6,0,0.9257086144015848,0.0742913855984156,0.007204724941402674,0,0
533,gw6_0016,gw6,0,0.9412959400929973,0.05870405990700264,0.0030271587893366814,0,0
534,gw6_0081,gw6,0,0.6770884714816147,0.32291152851838534,0.0003962749324273318,0,0
535,gw6_0060,gw6,0,0.9440921303945151,0.05590786960548495,0.0007329069776460528,0,0
536,gw6_0033,gw6,0,0.9410707148331768,0.05892928516682338,0.02894282527267933,0,0
537,gw6_0028,gw6,0,0.9256946524970049,0.07430534750299521,0.0570889413356781,0,0
538,gw6_0045,gw6,0,0.9363688287260961,0.06363117127390418,4.757477290695533e-05,0,0
539,gw6_0063,gw6,0,0.882123930258045,0.11787606974195476,0.033163003623485565,0,0
540,gw6_0066,gw6,0,0.9276306966820894,0.0723693033179108,2.2531479260123888e-07,0,0
541,gw6_0049,gw6,0,0.9289119537721094,0.07108804622789054,0.015107893384993076,0,0
542,gw6_0010,gw6,0,0.8465361445989887,0.15346385540101137,0.2581198215484619,0,0
543,gw6_0006,gw6,0,0.976438449286816,0.023561550713184047,0.009625625796616077,0,0
544,gw6_0044,gw6,0,0.9564529153473481,0.04354708465265209,0.009063196368515491,0,0
545,gw6_0050,gw6,0,0.9220525442081464,0.07794745579185341,0.0019103150116279721,0,0
546,gw6_0071,gw6,0,0.9104240879227506,0.0895759120772496,1.1399089089536574e-05,0,0
547,gw6_0023,gw6,0,0.9323186213109734,0.06768137868902675,6.623977810704673e-07,0,0
548,gw6_0040,gw6,0,0.9130629043078371,0.08693709569216314,5.513660198630532e-06,0,0
549,gw6_0035,gw6,0,0.9716064549885948,0.02839354501140539,7.665666998946108e-06,0,0
550,gw6_0036,gw6,0,0.6994501515913433,0.3005498484086566,4.39520727013587e-06,0,0
551,gw6_0070,gw6,0,0.8434371748003159,0.15656282519968415,0.0003618028131313622,0,0
552,gw6_0051,gw6,0,0.9070805217029256,0.09291947829707448,0.0061690532602369785,0,0
553,gw6_0017,gw6,0,0.9784265755270699,0.021573424472930074,5.563548256759532e-06,0,0
554,gw6_0037,gw6,0,0.9418810401257819,0.05811895987421834,0.0008597504929639399,0,0
555,gw6_0069,gw6,0,0.8766893646116829,0.12331063538831717,1.7383637896273285e-05,0,0
556,gw6_0041,gw6,0,0.7043102234002212,0.29568977659977863,0.0009104632772505283,0,0
557,gw6_0052,gw6,0,0.8848312515232252,0.11516874847677486,0.0027642089407891035,0,0
558,gw6_0014,gw6,0,0.9214098231701702,0.07859017682982998,0.022816702723503113,0,0
559,gw6_0065,gw6,0,0.9013936455689905,0.09860635443100946,0.7737333178520203,1,0
560,gw6_0002,gw6,0,0.96359528765173,0.036404712348270356,6.898820004153094e-08,0,0
561,gw6_0048,gw6,0,0.9178699676793062,0.08213003232069419,3.861566710838815e-06,0,0
562,gw6_0076,gw6,0,0.9815528336465623,0.018447166353437853,0.0010864047799259424,0,0
563,gw6_0025,gw6,0,0.8922268839611519,0.10777311603884812,0.00028524285880848765,0,0
564,gw6_0009,gw6,0,0.8815750113255685,0.1184249886744316,0.49830785393714905,0,0
565,gw6_0077,gw6,0,0.9497835571338697,0.050216442866130376,0.009355638176202774,0,0
566,gw6_0067,gw6,0,0.9409784143865842,0.0590215856134165,0.0023474502377212048,0,0
567,gw6_0020,gw6,0,0.8378938601101281,0.1621061398898718,0.0017305209767073393,0,0
568,gw6_0068,gw6,0,0.6306851176456195,0.36931488235438054,1.6049054465838708e-05,0,0
569,gw6_0056,gw6,0,0.6031132230186276,0.39688677698137254,0.006594727281481028,0,0
570,gw6_0000,gw6,0,0.9020804692594477,0.09791953074055247,0.25907638669013977,0,0
571,gw6_0005,gw6,0,0.9232104282333906,0.07678957176660965,0.002819353248924017,0,0
572,gw6_0031,gw6,0,0.972101624099186,0.027898375900814343,3.413837021071231e-06,0,0
573,gw6_0021,gw6,0,0.7753382552714693,0.22466174472853073,0.06875932961702347,0,0
574,gw6_0013,gw6,0,0.9467025506301586,0.05329744936984154,0.05201490595936775,0,0
575,gw6_0022,gw6,0,0.9446340537626676,0.055365946237332396,8.421065103902947e-06,0,0
576,gw6_0042,gw6,0,0.9655077111868127,0.03449228881318735,0.0006540658068843186,0,0
577,gw6_0024,gw6,0,0.9156807393094013,0.08431926069059852,0.00025850601377896965,0,0
578,gw6_0027,gw6,0,0.7489487432110161,0.251051256788984,0.002897815313190222,0,0
579,gw6_0038,gw6,0,0.9785511221795204,0.02144887782047954,6.774113899155054e-06,0,0
580,gw6_0012,gw6,0,0.8781707399153995,0.12182926008460074,0.007733265403658152,0,0
581,gw6_0039,gw6,0,0.8400817884217022,0.15991821157829791,6.1617315623152535e-06,0,0
582,gw6_0073,gw6,0,0.9820975167114595,0.017902483288540754,0.006163685116916895,0,0
583,gw6_0055,gw6,0,0.9269293589409368,0.07307064105906316,1.5989186067599803e-05,0,0
584,gw6_0026,gw6,0,0.6613829237802507,0.3386170762197493,0.00027816378860734403,0,0
585,gw6_0008,gw6,0,0.43883743234450456,0.5611625676554957,0.9788084626197815,1,1
586,gw6_0046,gw6,0,0.973481934168008,0.026518065831992645,0.002467154525220394,0,0
587,gw6_0043,gw6,0,0.923617148772477,0.07638285122752336,0.0052893636748194695,0,0
588,gw6_0004,gw6,0,0.9330494324188561,0.06695056758114418,0.09303364157676697,0,0
589,gw6_0019,gw6,0,0.8826357265876217,0.11736427341237832,0.001928666839376092,0,0
590,gw6_0059,gw6,0,0.887986833698238,0.11201316630176224,0.003562937257811427,0,0
591,gw6_0030,gw6,0,0.8717907923542504,0.12820920764574978,0.0017088116146624088,0,0
592,gw6_0075,gw6,0,0.9229002787911772,0.0770997212088233,1.0346229828428477e-05,0,0
593,gw6_0007,gw6,0,0.8059614904650695,0.1940385095349306,0.9889684915542603,1,0
594,gw6_0015,gw6,0,0.9210742088971015,0.07892579110289867,4.376480262635596e-07,0,0
595,gw6_0011,gw6,0,0.9587102670976729,0.041289732902327216,1.66847735272313e-06,0,0
596,gw6_0054,gw6,0,0.7390830542846127,0.26091694571538704,1.4818223235124606e-06,0,0
597,gw6_0078,gw6,0,0.8688886202672714,0.13111137973272868,0.0002779503702186048,0,0
598,gw6_0064,gw6,0,0.8459304492368165,0.15406955076318357,0.00109486049041152,0,0
599,gw6_0034,gw6,0,0.958989650108772,0.04101034989122804,3.970267789554782e-05,0,0
